0,FirstName,LastName,Gender,Country,Age,Date,Id
1,Dulce,Abril,Female,United States,32,2017-10-15,1562
2,Mara,Hashimoto,Female,Great Britain,25,2016-08-16,1582
3,Philip,Gent,Male,France ,36,2015-05-21,2587
4,Kathleen,Hanner,Female,United States,25,2017-10-15,3549
5,Nereida,Magwood,Female,United States,58,2016-08-16,2468
6,Gaston,Brumm,Male,United States,24,2015-05-21,2554
7,Etta,Hurn ,Female,Great Britain,56,2017-10-15,3598
8,Earlean,Melgar,Female,United States,27,2016-08-16,2456
9,Vincenza,Weiland,Female,United States,40,2015-05-21,6548
